{
    "description": [
        "ソースをリバーブに接続し、リバーブのパラメーターを割り当てます。"
    ],
    "params": {
        "src": "Object: p5.sound / Web Audio オブジェクト（サウンド出力）。",
        "seconds": "Number: (オプション) リバーブの持続時間（秒単位）。最小値: 0、最大値: 10。デフォルトは3",
        "decayRate": "Number: (オプション) 各エコーでの減衰の割合。最小値: 0、最大値: 100。デフォルトは2",
        "reverse": "Boolean: (オプション) リバーブを逆再生または順再生するかどうか。"
    }
}