{
    "description": [
        "マテリアルのアンビエントカラーを設定します。",
        "ambientMaterial() カラーは、オブジェクトが反射する <strong>ambientLight()</strong> カラーの成分を表します。",
        "色が黄色 (255, 255, 0) の ambientMaterial() を考えてみてください。ambientLight() が白色 (255, 255, 255) を発しいる場合、オブジェクトは赤と緑の光を反射するため黄色に見えます。ambientLight() が赤色 (255, 0, 0) を発しいる場合、オブジェクトは赤色の光を反射するために赤色に見えます。ambientLight() が青色 (0, 0, 255) を発しいる場合、オブジェクトは反射できる光の成分がないため、黒色に見えます。",
        "より多くのマテリアルをこの <a href=\"https://p5js.org/examples/3d-materials.html\">例</a> で見ることができます。"
    ],
    "params": {
        "v1": "Number: 現在のカラーレンジに対する赤または色相値",
        "v2": "Number: 現在のカラーレンジに対する緑または彩度値",
        "v3": "Number: 現在のカラーレンジに対する青または明度値",
        "gray": "Number: 白と黒の間の値を指定する数値",
        "color": "p5.Color|Number[]|String: <a href=\"#/p5.Color\">p5.Color</a> としての色、配列としての色、または CSS 文字列としての色"
    }
}