{
    "description": [
        "ベジェ曲線のコントロールポイントとアンカーポイントの x 座標または y 座標の値が与えられた場合、この関数はベジェ曲線の t 位置での x 座標または y 座標を評価します。パラメーター a と d は曲線上の最初と最後の点の x または y 座標であり、b と c はコントロールポイントの座標です。最後のパラメーター t は、0から1の値で示される結果の点の位置です。これを x 座標で1回、y 座標で1回実行することで、t 位置におけるベジェ曲線の位置を取得できます。"
    ],
    "returns": "Number: t 位置でのベジェ曲線の値",
    "params": {
        "a": "Number: 曲線上の最初の点の座標",
        "b": "Number: 最初のコントロールポイントの座標",
        "c": "Number: 2番目のコントロールポイントの座標",
        "d": "Number: 曲線上の最後の点の座標",
        "t": "Number: 0から1までの値"
    }
}