{
    "description": [
        "ベジェ曲線のパラメーター a、b、c、d の位置 t における接線を評価します。パラメーター a と d は曲線の最初と最後の点で、b と c はコントロールポイントです。t の最終的な値は0から1まで変化します。"
    ],
    "returns": "Number: 位置 t における接線の値",
    "params": {
        "a": "Number: 曲線の最初の点の座標",
        "b": "Number: 最初のコントロールポイントの座標",
        "c": "Number: 2番目のコントロールポイントの座標",
        "d": "Number: 曲線の最後の点の座標",
        "t": "Number: 0から1までの値"
    }
}