{
    "description": [
        "Copies a region of pixels from one image to another. The <code>blendMode</code> parameter blends the images' colors to create different effects.",
        "///",
        "指定されたブレンドモードを使用して、ある画像のピクセル領域を別の画像にコピーします。"
    ],
    "params": {
        "srcImage": "p5.Image: ソース画像",
        "sx": "Integer: ソースの左上隅の X 座標",
        "sy": "Integer: ソースの左上隅の Y 座標",
        "sw": "Integer: ソース画像の幅",
        "sh": "Integer: ソース画像の高さ",
        "dx": "Integer: 送り先の左上隅の X 座標",
        "dy": "Integer: 送り先の左上隅の Y 座標",
        "dw": "Integer: 送り先画像の幅",
        "dh": "Integer: 送り先画像の高さ",
        "blendMode": "Constant: ブレンドモード。BLEND, DARKEST, LIGHTEST, DIFFERENCE, MULTIPLY, EXCLUSION, SCREEN, REPLACE, OVERLAY, HARD_LIGHT, SOFT_LIGHT, DODGE, BURN, ADD, NORMAL のいずれか。"
    }
}