{
    "description": [
        "数値、数値の文字列表現、またはブール値をそのバイト表現に変換します。バイトは-128から127までの整数のみになるため、この範囲外の値が変換されると、対応するバイト表現にラップされます。数値、文字列、ブール値の配列が渡された場合、同じ長さのバイトの配列が返されます。"
    ],
    "returns": "Number: 値のバイト表現",
    "params": {
        "n": "String|Boolean|Number: 解析する値",
        "ns": "Array: 解析する値"
    }
}