{
    "description": [
        "3D スケッチ内の現在のカメラの位置を設定します。この関数のパラメーターは、カメラの位置、スケッチの中心（カメラが指している場所）、および上方向（カメラの向き）を定義します。",
        "この関数はカメラの動きをシミュレートし、オブジェクトをさまざまな角度から見ることができます。覚えておいてください、オブジェクト自体を移動させるのではなく、カメラを移動させます。たとえば、centerX の値が正であり、カメラがスケッチの右側に回転する場合、オブジェクトは左に移動しているように見えます。",
        "この <a href = \"https://www.openprocessing.org/sketch/740258\">例</a> を参照して、カメラの位置を確認してください。",
        "パラメーターが指定されていない場合、デフォルトで次のようになります: camera(0, 0, (height/2) / tan(PI/6), 0, 0, 0, 0, 1, 0)"
    ],
    "params": {
        "x": "Number: (オプション) x 軸上のカメラ位置の値",
        "y": "Number: (オプション) y 軸上のカメラ位置の値",
        "z": "Number: (オプション) z 軸上のカメラ位置の値",
        "centerX": "Number: (オプション) スケッチの中心を表す x 座標",
        "centerY": "Number: (オプション) スケッチの中心を表す y 座標",
        "centerZ": "Number: (オプション) スケッチの中心を表す z 座標",
        "upX": "Number: (オプション) カメラからの'上'の方向の x 成分",
        "upY": "Number: (オプション) カメラからの'上'の方向の y 成分",
        "upZ": "Number: (オプション) カメラからの'上'の方向の z 成分"
    }
}