{
    "description": [
        "数値または文字列をそれに対応する1文字の文字列表現に変換します。文字列パラメーターが指定された場合、まず整数として解析され、その後1文字の文字列に変換されます。数値または文字列の値の配列が渡された場合、同じ長さの1文字の文字列の配列が返されます。"
    ],
    "returns": "String: 値の文字列表現",
    "params": {
        "n": "String|Number: 解析する値",
        "ns": "Array: 解析する値"
    }
}