{
    "description": [
        "キャンバスに円を描きます。円は丸い形です。円の端のすべての点は、その中心から同じ距離にあります。デフォルトでは、最初の2つのパラメーターは円の中心の位置を設定します。3つ目のパラメーターは形状の幅と高さ（直径）を設定します。<a href=\"#/p5/ellipseMode\">ellipseMode()</a>関数で原点を変更することができます。"
    ],
    "params": {
        "x": "Number: 円の中心の x 座標",
        "y": "Number: 円の中心の y 座標",
        "d": "Number: 円の直径。"
    }
}