{
    "description": [
        "キャンバス上のピクセルをクリアします。この関数はすべてのピクセルを100%透明にします。<code>clear()</code>を呼び出しても、<a href=\"#/p5/createGraphics\">createGraphics()</a>、<a href=\"#/p5/createVideo\">createVideo()</a>、<a href=\"#/p5/createImg\">createImg()</a>などの<code>createX()</code>関数によって作成されたオブジェクトはクリアされません。これらのオブジェクトはclear()を呼び出した後も変更されず、再描画することができます。",
        "WebGL モードでは、この関数を使って画面を特定の色にクリアすることもできます。4つの数値パラメーターを正規化された RGBA カラー値として解釈します。また、深度バッファもクリアします。もし WebGL レンダラを使用していなければ、これらのパラメーターは影響を及ぼしません。"
    ],
    "params": {
        "r": "Number: 正規化された赤の値。",
        "g": "Number: 正規化された緑の値。",
        "b": "Number: 正規化された青の値。",
        "a": "Number: 正規化されたアルファの値。"
    }
}