{
    "description": [
        "Creates a <code>&lt;video&gt;</code> element that \"captures\" the audio/video stream from the webcam and microphone. Returns a new <a href=\"#/p5.Element\">p5.Element</a> object.",
        "Videos are shown by default. They can be hidden by calling <code>capture.hide()</code> and drawn to the canvas using <a href=\"#/p5/image\">image()</a>.",
        "The first parameter, <code>type</code>, is optional. It sets the type of capture to use. By default, <code>createCapture()</code> captures both audio and video. If <code>VIDEO</code> is passed, as in <code>createCapture(VIDEO)</code>, only video will be captured. If <code>AUDIO</code> is passed, as in <code>createCapture(AUDIO)</code>, only audio will be captured. A constraints object can also be passed to customize the stream. See the <a href=\"http://w3c.github.io/mediacapture-main/getusermedia.html#media-track-constraints\" target=\"_blank\"> W3C documentation</a> for possible properties. Different browsers support different properties.",
        "The second parameter, <code>callback</code>, is optional. It's a function to call once the capture is ready for use. The callback function should have one parameter, <code>stream</code>, that's a <a href=\"https://developer.mozilla.org/en-US/docs/Web/API/MediaStream\" target=\"_blank\">MediaStream</a> object.",
        "Note: <code>createCapture()</code> only works when running a sketch locally or using HTTPS. Learn more <a href=\"http://stackoverflow.com/questions/34197653/getusermedia-in-chrome-47-without-using-https\" target=\"_blank\">here</a> and <a href=\"https://developer.mozilla.org/en-US/docs/Web/API/MediaDevices/getUserMedia\" target=\"_blank\">here</a>.",
        "///",
        "ウェブカメラの音声/ビデオフィードを含む新しい HTML5 の <code>&lt;video&gt;</code> 要素を作成します。この要素はキャンバスとは別で、デフォルトで表示されます。要素は、.<a href=\"#/p5.Element/hide\">hide()</a> を使って非表示にすることができます。フィードは <a href=\"#/p5/image\">image()</a> を使ってキャンバスに描画することができます。loadedmetadata プロパティは要素が完全にロードされたことを検出するために使用できます(2つ目の例を参照)。",
        "フィードのより具体的なプロパティは、Constraints オブジェクトを渡すことで指定できます。<a href='http://w3c.github.io/mediacapture-main/getusermedia.html#media-track-constraints'>W3C の仕様</a> に可能なプロパティが記載されています。ただし、すべてのブラウザーでこれらがサポートされているわけではありません。",
        "<em>セキュリティに関する注意</em>:新しいブラウザーのセキュリティ仕様では、<a href=\"#/p5/createCapture\">createCapture()</a> の背後にある getUserMedia は、コードをローカルで実行している場合、または HTTPS でのみ動作するようになっています。詳細は <a href='http://stackoverflow.com/questions/34197653/getusermedia-in-chrome-47-without-using-https'>こちら</a> と <a href='https://developer.mozilla.org/ja/docs/Web/API/MediaDevices/getUserMedia'>こちら</a> を参照してください。"
    ],
    "returns": "p5.Element: new <a href=\"#/p5.Element\">p5.Element</a> object. /// p5.Element: キャプチャビデオ <a href=\"#/p5.Element\">p5.Element</a>",
    "params": {
        "type": "String|Constant|Object: (Optional) type of capture, either AUDIO or VIDEO,  or a constraints object. Both video and audio  audio streams are captured by default. /// String|Constant|Object: キャプチャのタイプで、VIDEO や AUDIO が指定されていない場合はデフォルトで両方、または Constraints オブジェクト",
        "callback": "Function: (Optional) function to call once the stream  has loaded. /// Function: (オプション) ストリームがロードされたら呼ばれる関数"
    }
}