{
    "description": [
        "Creates an <code>&lt;a&gt;&lt;/a&gt;</code> element that links to another web page.",
        "The first parmeter, <code>href</code>, is a string that sets the URL of the linked page.",
        "The second parameter, <code>html</code>, is a string that sets the inner HTML of the link. It's common to use text, images, or buttons as links.",
        "The third parameter, <code>target</code>, is optional. It's a string that tells the web browser where to open the link. By default, links open in the current browser tab. Passing <code>'_blank'</code> will cause the link to open in a new browser tab. MDN describes a few <a href=\"https://developer.mozilla.org/en-US/docs/Web/HTML/Element/a#target\" target=\"_blank\">other options</a>.",
        "///",
        "DOM に <code>&lt;a&gt;&lt;/a&gt;</code> 要素を作成し、ハイパーリンクを含めます。"
    ],
    "returns": "p5.Element: new <a href=\"#/p5.Element\">p5.Element</a> object. /// p5.Element: 作成されたノードを保持する <a href=\"#/p5.Element\">p5.Element</a> へのポインター",
    "params": {
        "href": "String: URL of linked page. /// String: リンク先のページの URL",
        "html": "String: inner HTML of link element to display. /// String: リンク要素内に表示する内部 HTML",
        "target": "String: (Optional) target where the new link should open,  either <code>'_blank'</code>, <code>'_self'</code>, <code>'_parent'</code>, or <code>'_top'</code>. /// String: (オプション) 新しいリンクを開く対象。_blank、_self、_parent、_top のいずれか。"
    }
}