{
    "description": [
        "Creates an <code>&lt;img&gt;</code> element that can appear outside of the canvas.",
        "The first parameter, <code>src</code>, is a string with the path to the image file. <code>src</code> should be a relative path, as in <code>'assets/image.png'</code>, or a URL, as in <code>'https://example.com/image.png'</code>.",
        "The second parameter, <code>alt</code>, is a string with the <a href=\"https://developer.mozilla.org/en-US/docs/Web/API/HTMLImageElement/alt#usage_notes\" target=\"_blank\">alternate text</a> for the image. An empty string <code>''</code> can be used for images that aren't displayed.",
        "The third parameter, <code>crossOrigin</code>, is optional. It's a string that sets the <a href=\"https://developer.mozilla.org/en-US/docs/Web/HTML/CORS_settings_attributes\" target=\"_blank\">crossOrigin property</a> of the image. Use <code>'anonymous'</code> or <code>'use-credentials'</code> to fetch the image with cross-origin access.",
        "The fourth parameter, <code>callback</code>, is also optional. It sets a function to call after the image loads. The new image is passed to the callback function as a <a href=\"#/p5.Element\">p5.Element</a> object.",
        "///",
        "与えられた src および代替テキストを使用して、DOM 内に <code>&lt;img&gt;</code> 要素を作成します。"
    ],
    "returns": "p5.Element: new <a href=\"#/p5.Element\">p5.Element</a> object. /// p5.Element: 作成されたノードを保持する <a href=\"#/p5.Element\">p5.Element</a> へのポインター",
    "params": {
        "src": "String: relative path or URL for the image. /// String: 画像の src パスまたは URL",
        "alt": "String: alternate text for the image. /// String: 画像が読み込まれない場合に使用される <a href=\"https://developer.mozilla.org/ja/docs/Web/HTML/Element/Img#Attributes\">代替テキスト</a>。画像が意図的に表示されない場合は空の文字列（<code>\"\"</code>）を使用できます。",
        "crossOrigin": "String: (Optional) crossOrigin property to use when fetching the image. /// String: <code>img</code> 要素の <a href=\"https://developer.mozilla.org/ja/docs/Web/HTML/CORS_settings_attributes\">crossOrigin プロパティ</a>。'anonymous'または'use-credentials'を使用して、クロスオリジンアクセスで画像を取得します（後で <code>canvas</code> として使用するため）。空の文字列（<code>\"\"</code>）が渡された場合、CORS は使用されません",
        "successCallback": "Function: (Optional) function to call once the image loads. The new image will be passed  to the function as a <a href=\"#/p5.Element\">p5.Element</a> object. /// Function: (オプション) 画像データが読み込まれると、引数として <a href=\"#/p5.Element\">p5.Element</a> を使用して呼び出されるコールバック"
    }
}