{
    "description": [
        "Creates a slider <code>&lt;input&gt;&lt;/input&gt;</code> element. Range sliders are useful for quickly selecting numbers from a given range.",
        "The first two parameters, <code>min</code> and <code>max</code>, are numbers that set the slider's minimum and maximum.",
        "The third parameter, <code>value</code>, is optional. It's a number that sets the slider's default value.",
        "The fourth parameter, <code>step</code>, is also optional. It's a number that sets the spacing between each value in the slider's range. Setting <code>step</code> to 0 allows the slider to move smoothly from <code>min</code> to <code>max</code>.",
        "///",
        "DOM にスライダーの <code>&lt;input&gt;&lt;/input&gt;</code> 要素を作成します。.size() を使って、スライダーの表示長さを設定します。"
    ],
    "returns": "p5.Element: new <a href=\"#/p5.Element\">p5.Element</a> object. /// p5.Element: 作成されたノードを保持する <a href=\"#/p5.Element\">p5.Element</a> へのポインター",
    "params": {
        "min": "Number:  スライダーの最小値",
        "max": "Number:  スライダーの最大値",
        "value": "Number:  (オプション) スライダーのデフォルト値",
        "step": "Number: (Optional) size for each step in the slider's range. /// Number:  (オプション) スライダーの各目盛りのステップサイズ (ステップが0に設定されている場合、スライダーは最小値から最大値まで連続して移動します)"
    }
}