{
    "description": [
        "Creates an <code>&lt;input&gt;&lt;/input&gt;</code> element of type <code>'file'</code>. This allows users to select local files for use in a sketch.",
        "The first parameter, <code>callback</code>, is a function that's called when the file loads. The callback function should have one parameter, <code>file</code>, that's a <a href=\"#/p5.File\">p5.File</a> object.",
        "The second parameter, <code>multiple</code>, is optional. It's a boolean value that allows loading multiple files if set to <code>true</code>. If <code>true</code>, <code>callback</code> will be called once per file.",
        "///",
        "DOM に 'file' タイプの <code>&lt;input&gt;&lt;/input&gt;</code> 要素を作成します。これにより、ユーザーはローカルファイルをスケッチで使用するために選択できます。"
    ],
    "returns": "p5.Element: new <a href=\"#/p5.Element\">p5.Element</a> object. /// p5.Element: 作成された DOM 要素を保持する <a href=\"#/p5.Element\">p5.Element</a> へのポインター",
    "params": {
        "callback": "Function: function to call once the file loads. /// Function: ファイルが読み込まれたときのコールバック関数",
        "multiple": "Boolean: (Optional) allow multiple files to be selected. /// Boolean: (オプション) 複数のファイルを選択できるようにするオプション"
    }
}