{
    "description": [
        "提供された頂点シェーダーとフラグメントシェーダーのコードから新しい <a href=\"#/p5.Shader\">p5.Shader</a> オブジェクトを作成します。",
        "注意:シェーダーは WebGL モードでのみ使用できます。",
        "Shaders can alter the positioning of shapes drawn with them. To ensure consistency in rendering, it's recommended to use the vertex shader shown in the example below. ///  add 1 line"
    ],
    "returns": "p5.Shader: 提供された頂点シェーダーとフラグメントシェーダーから作成されたシェーダーオブジェクト。",
    "params": {
        "vertSrc": "String: 頂点シェーダーのソースコード",
        "fragSrc": "String: フラグメントシェーダーのソースコード"
    }
}