{
    "description": [
        "Creates a new <a href=\"#/p5.Element\">p5.Element</a> object.",
        "The first parameter, <code>tag</code>, is a string an HTML tag such as <code>'h5'</code>.",
        "The second parameter, <code>content</code>, is optional. It's a string that sets the HTML content to insert into the new element. New elements have no content by default.",
        "///",
        "指定されたタグと内容で DOM 内に要素を作成します。"
    ],
    "returns": "p5.Element: new <a href=\"#/p5.Element\">p5.Element</a> object. /// p5.Element: 作成されたノードを保持する <a href=\"#/p5.Element\">p5.Element</a> へのポインター",
    "params": {
        "tag": "String: 新しい要素のタグ",
        "content": "String: (オプション) 要素に挿入する HTML コンテンツ"
    }
}