{
    "description": [
        "Creates a text <code>&lt;input&gt;&lt;/input&gt;</code> element. Call <code>myInput.size()</code> to set the length of the text box.",
        "The first parameter, <code>value</code>, is optional. It's a string that sets the input's default value. The input is blank by default.",
        "The second parameter, <code>type</code>, is also optional. It's a string that specifies the type of text being input. See MDN for a full <a href=\"https://developer.mozilla.org/en-US/docs/Web/HTML/Element/Input\" target=\"_blank\">list of options</a>. The default is <code>'text'</code>.",
        "///",
        "DOM でテキスト入力用の <code>&lt;input&gt;&lt;/input&gt;</code> 要素を作成します。.<a href=\"#/p5.Element/size\">size()</a> を使ってボックスの表示長さを設定します。"
    ],
    "returns": "p5.Element: new <a href=\"#/p5.Element\">p5.Element</a> object. /// p5.Element: 作成されたノードを保持する <a href=\"#/p5.Element\">p5.Element</a> へのポインター",
    "params": {
        "value": "String: (Optional) default value of the input box. Defaults to an empty string <code>''</code>. /// String: 入力ボックスのデフォルト値",
        "type": "String: (Optional) type of input. Defaults to <code>'text'</code>. /// String: テキストの種類(オプション)、例:text、password など。デフォルトは text。最初に値を指定する必要があります。"
    }
}