{
    "description": [
        "Creates a <code>&lt;video&gt;</code> element for simple audio/video playback. Returns a new <a href=\"#/p5.MediaElement\">p5.MediaElement</a> object.",
        "Videos are shown by default. They can be hidden by calling <code>video.hide()</code> and drawn to the canvas using <a href=\"#/p5/image\">image()</a>.",
        "The first parameter, <code>src</code>, is the path the video. If a single string is passed, as in <code>'assets/topsecret.mp4'</code>, a single video is loaded. An array of strings can be used to load the same video in different formats. For example, <code>['assets/topsecret.mp4', 'assets/topsecret.ogv', 'assets/topsecret.webm']</code>. This is useful for ensuring that the video can play across different browsers with different capabilities. See <a href='https://developer.mozilla.org/en-US/docs/Web/HTML/Supported_media_formats'>MDN</a> for more information about supported formats.",
        "The second parameter, <code>callback</code>, is optional. It's a function to call once the video is ready to play.",
        "///",
        "HTML5 の <code>&lt;video&gt;</code> 要素を DOM に作成し、オーディオ/ビデオのシンプルな再生ができます。デフォルトで表示され、.<a href=\"#/p5.Element/hide\">hide()</a> で非表示にし、<a href=\"#/p5/image\">image()</a> を使ってキャンバスに描画できます。第1引数は、ビデオファイルへの単一の文字列パス、または同じビデオの異なる形式への文字列パスの配列のいずれかです。これは、異なるブラウザーでビデオを再生できるようにするために役立ちます。各ブラウザーは異なる形式をサポートしています。サポートされている形式についての詳細は、<a href='https://developer.mozilla.org/ja/docs/Web/HTML/Supported_media_formats'>このページ</a> を参照してください。"
    ],
    "returns": "p5.MediaElement: new <a href=\"#/p5.MediaElement\">p5.MediaElement</a> object. /// p5.MediaElement: ビデオ <a href=\"#/p5.MediaElement\">p5.MediaElement</a> へのポインター",
    "params": {
        "src": "String|String[]: ビデオファイルへのパス、または異なるブラウザーをサポートするためのパスの配列",
        "callback": "Function: (Optional) function to call once the video is ready to play. /// Function: (オプション) 'canplaythrough' イベントが発火したときに呼ばれるコールバック関数。つまり、ブラウザーがメディアを再生でき、コンテンツのさらなるバッファリングが不要な状態でメディアを最後まで再生できると推定されるデータがロードされたとき"
    }
}