{
    "description": [
        "Creates a checkbox <code>&lt;input&gt;&lt;/input&gt;</code> element. Checkboxes extend the <a href=\"#/p5.Element\">p5.Element</a> class with a <code>checked()</code> method. Calling <code>myBox.checked()</code> returns <code>true</code> if it the box is checked and <code>false</code> otherwise.",
        "The first parameter, <code>label</code>, is optional. It's a string that sets the label to display next to the checkbox.",
        "The second parameter, <code>value</code>, is also optional. It's a boolean that sets the checkbox's value.",
        "///",
        "DOM にチェックボックスの <code>&lt;input&gt;&lt;/input&gt;</code> 要素を作成します。チェックボックスに対して .checked() を呼び出すと、チェックされているかどうかを示すブール値が返されます。"
    ],
    "returns": "p5.Element: new <a href=\"#/p5.Element\">p5.Element</a> object. /// p5.Element: 作成されたノードを保持する <a href=\"#/p5.Element\">p5.Element</a> へのポインター",
    "params": {
        "label": "String: (オプション) チェックボックスの後に表示されるラベル",
        "value": "Boolean: (Optional) value of the checkbox. Checked is <code>true</code> and unchecked is <code>false</code>. /// Boolean: (オプション) チェックボックスの値; チェックされている場合は true、チェックされていない場合は false"
    }
}