{
    "description": [
        "Creates a <code>&lt;button&gt;&lt;/button&gt;</code> element.",
        "The first parameter, <code>label</code>, is a string that sets the label displayed on the button.",
        "The second parameter, <code>value</code>, is optional. It's a string that sets the button's value. See <a href=\"https://developer.mozilla.org/en-US/docs/Web/HTML/Element/button#value\" target=\"_blank\">MDN</a> for more details.",
        "///",
        "DOM に <code>&lt;button&gt;&lt;/button&gt;</code> 要素を作成します。.size() を使って、ボタンの表示サイズを設定します。.mousePressed() を使って、押下時の動作を指定します。"
    ],
    "returns": "p5.Element: new <a href=\"#/p5.Element\">p5.Element</a> object. /// p5.Element: 作成されたノードを保持する <a href=\"#/p5.Element\">p5.Element</a> へのポインター",
    "params": {
        "label": "String:  ボタンに表示されるラベル",
        "value": "String:  (オプション) ボタンの値"
    }
}