{
    "description": [
        "点 a、b、c、d の位置 t における曲線を評価します。パラメーター t は0から1の間で変化し、a と d は曲線のコントロールポイント、b と c は曲線の始点と終点です。これは x 座標で1回、y 座標で2回行われ、t における曲線の位置を取得できます。"
    ],
    "returns": "Number: <a href=\"#/p5/curve\">曲線</a> 上の位置 t の値",
    "params": {
        "a": "Number: 曲線の最初のコントロールポイントの座標",
        "b": "Number: 最初の点の座標",
        "c": "Number: 2番目の点の座標",
        "d": "Number: 曲線の2番目のコントロールポイントの座標",
        "t": "Number: 0から1までの値"
    }
}