{
    "description": [
        "点 a、b、c、d の位置 t における曲線の接線を評価します。パラメーター t が0から1の間で変化し、a と d は曲線上の点、b と c はコントロールポイントです。"
    ],
    "returns": "Number: 位置 t における曲線の接線",
    "params": {
        "a": "Number: 最初のコントロールポイントの座標",
        "b": "Number: 曲線上の最初の点の座標",
        "c": "Number: 曲線上の2番目の点の座標",
        "d": "Number: 2番目のコントロールポイントの座標",
        "t": "Number: 0から1までの値"
    }
}