{
    "description": [
        "指定された半径と高さの円柱を描画します。",
        "DetailX および detailY は、円柱の x 次元および y 次元の細分割数を決定します。細分割が多いほど、円柱は滑らかに見えます。detailX の推奨される最大値は24です。24より大きい値を使用すると、警告が表示されるか、ブラウザーが遅くなる可能性があります。"
    ],
    "params": {
        "radius": "Number: (オプション) 表面の半径",
        "height": "Number: (オプション) 円柱の高さ",
        "detailX": "Integer: (オプション) x 次元の細分割数; デフォルトは24",
        "detailY": "Integer: (オプション) y 次元の細分割数; デフォルトは1",
        "bottomCap": "Boolean: (オプション) 円柱の底面を描画するかどうか",
        "topCap": "Boolean: (オプション) 円柱の上面を描画するかどうか"
    }
}