{
    "description": [
        "Creates a screen reader-accessible description for elements in the canvas. Elements are shapes or groups of shapes that create meaning together.",
        "The first parameter, <code>name</code>, is the name of the element.",
        "The second parameter, <code>text</code>, is the description of the element.",
        "The third parameter, <code>display</code>, is optional. It determines how the description is displayed. If <code>LABEL</code> is passed, as in <code>describe('A description.', LABEL)</code>, the description will be visible in a div element next to the canvas. Using <code>LABEL</code> creates unhelpful duplicates for screen readers. Only use <code>LABEL</code> during development. If <code>FALLBACK</code> is passed, as in <code>describe('A description.', FALLBACK)</code>, the description will only be visible to screen readers. This is the default mode.",
        "Read <a href=\"/learn/labeling-canvases.html\">How to label your p5.js code</a> to learn more about making sketches accessible.",
        "///",
        "この関数は、キャンバス内の要素（一緒に意味を作り出す形状または形状のグループ）に対してスクリーンリーダー対応の説明を作成します。最初のパラメーターは要素の名前である必要があります。2つ目のパラメーターは、要素の説明を示す文字列である必要があります。3つ目のパラメーターはオプションです。指定された場合、要素の説明の表示方法が決まります。",
        "<code class=\"language-javascript\">describeElement(name, text, LABEL)</code> は、キャンバスに隣接する div 内にある <a href=\"https://en.wikipedia.org/wiki/Museum_label\" target=\"_blank\">キャプションパネル</a> として、すべてのユーザーに要素の説明を表示します。CSS で好みのスタイルに変更できます。",
        "<code class=\"language-javascript\">describeElement(name, text, FALLBACK)</code> は、<a href=\"https://developer.mozilla.org/ja/docs/Web/API/Canvas_API/Tutorial/Hit_regions_and_accessibility\" target=\"_blank\">キャンバス要素内のサブ DOM</a> で、スクリーンリーダーユーザーのみが要素の説明を利用できるようにします。2つ目のパラメーターが指定されていない場合、デフォルトで要素の説明はスクリーンリーダーユーザーにのみ利用可能です。"
    ],
    "params": {
        "name": "String: 要素の名前",
        "text": "String: 要素の説明",
        "display": "Constant: (オプション) LABEL または FALLBACK のいずれか"
    }
}