{
    "description": [
        "Calculates the distance between two points.",
        "The version of <code>dist()</code> with four parameters calculates distance in two dimensions.",
        "The version of <code>dist()</code> with six parameters calculates distance in three dimensions.",
        "Use <a href=\"#/p5.Vector/dist\">p5.Vector.dist()</a> to calculate the distance between two <a href=\"#/p5.Vector\">p5.Vector</a> objects.",
        "///",
        "2点間の距離を、2次元または3次元で計算します。2つのベクトル間の距離を探している場合は、<a herf=\"#/p5.Vector/dist\">p5.Vector.dist()</a> を参照してください。"
    ],
    "returns": "Number: 2点間の距離",
    "params": {
        "x1": "Number: 第1点の x 座標",
        "y1": "Number: 第1点の y 座標",
        "x2": "Number: 第2点の x 座標",
        "y2": "Number: 第2点の y 座標",
        "z1": "Number: 第1点の z 座標",
        "z2": "Number: 第2点の z 座標"
    }
}