{
    "description": [
        "キャンバスに楕円（オーバル）を描きます。幅と高さが等しい楕円は円です。デフォルトでは最初の2つのパラメーターで楕円の中心の位置を設定します。3番目と4番目のパラメーターはそれぞれ形状の幅と高さを設定します。<a href=\"#/p5/ellipseMode\">ellipseMode()</a> 関数で原点を変更できます。",
        "高さが指定されていない場合、幅の値が幅と高さの両方に使用されます。負の高さまたは幅が指定された場合、絶対値が取られます。"
    ],
    "params": {
        "x": "Number: 楕円の中心の x 座標",
        "y": "Number: 楕円の中心の y 座標",
        "w": "Number: 楕円の幅",
        "h": "Number: (オプション) 楕円の高さ",
        "detail": "Integer: (オプション) WebGL モード専用のオプションパラメーター。これは、楕円の周囲を構成する頂点の数を指定するためのものです。デフォルト値は25です。細かさが50を超える場合にはストロークを描画しません。"
    }
}