{
    "description": [
        "指定された半径の楕円体を描画します。",
        "DetailX および detailY は、楕円体の x 次元および y 次元の細分割数を決定します。細分割が多いほど、楕円体は滑らかに見えます。細分割数が150以上にならないようにしてください。それはブラウザーがクラッシュする原因になるかもしれません。"
    ],
    "params": {
        "radiusx": "Number: (オプション) 楕円体の x 半径",
        "radiusy": "Number: (オプション) 楕円体の y 半径",
        "radiusz": "Number: (オプション) 楕円体の z 半径",
        "detailX": "Integer: (オプション) セグメント数, セグメントが多いほど、ジオメトリが滑らかになります。デフォルトは24。細分割数が150以上にならないようにしてください。それはブラウザーがクラッシュする原因になるかもしれません。",
        "detailY": "Integer: (オプション) セグメント数, セグメントが多いほど、ジオメトリが滑らかになります。デフォルトは16。細分割数が150以上にならないようにしてください。それはブラウザーがクラッシュする原因になるかもしれません。"
    }
}