{
    "description": [
        "マテリアルのエミッシブカラーを設定します。",
        "エミッシブマテリアルは、照明に関係なくエミッシブカラーを最大強度で表示します。これにより、オブジェクトが光っているように見える効果が得られます。",
        "ただし、「エミッシブ」という言葉は、マテリアルが周囲のオブジェクトに影響を与える光を実際に放射しないという意味では誤解を招くものです。",
        "他のマテリアルは、この <a href=\"/examples/3d-materials.html\">例</a> で見ることができます。"
    ],
    "params": {
        "v1": "Number: 現在のカラーレンジに対する赤または色相値",
        "v2": "Number: 現在のカラーレンジに対する緑または彩度値",
        "v3": "Number: 現在のカラーレンジに対する青または明度値",
        "alpha": "Number: (オプション) 現在のカラーレンジに対するアルファ値 (デフォルトは0-255)",
        "gray": "Number: 白と黒の間の値を指定する数値",
        "color": "p5.Color|Number[]|String: <a href=\"#/p5.Color\">p5.Color</a> としての色、配列としての色、または CSS 文字列としての色"
    }
}