{
    "description": [
        "Applies an image filter to the canvas. The preset options are:",
        "<code>INVERT</code> Inverts the colors in the image. No parameter is used.",
        "<code>GRAY</code> Converts the image to grayscale. No parameter is used.",
        "<code>THRESHOLD</code> Converts the image to black and white. Pixels with a grayscale value above a given threshold are converted to white. The rest are converted to black. The threshold must be between 0.0 (black) and 1.0 (white). If no value is specified, 0.5 is used.",
        "<code>OPAQUE</code> Sets the alpha channel to entirely opaque. No parameter is used.",
        "<code>POSTERIZE</code> Limits the number of colors in the image. Each color channel is limited to the number of colors specified. Values between 2 and 255 are valid, but results are most noticeable with lower values. The default value is 4.",
        "<code>BLUR</code> Blurs the image. The level of blurring is specified by a blur radius. Larger values increase the blur. The default value is 4. A gaussian blur is used in <code>P2D</code> mode. A box blur is used in <code>WEBGL</code> mode.",
        "<code>ERODE</code> Reduces the light areas. No parameter is used.",
        "<code>DILATE</code> Increases the light areas. No parameter is used.",
        "<code>filter()</code> uses WebGL in the background by default because it's faster. This can be disabled in <code>P2D</code> mode by adding a <code>false</code> argument, as in <code>filter(BLUR, false)</code>. This may be useful to keep computation off the GPU or to work around a lack of WebGL support.",
        "In <code>WEBGL</code> mode, <code>filter()</code> can also use custom shaders. See <a href=\"#/p5/createFilterShader\">createFilterShader()</a> for more information.",
        "///",
        "キャンバスにフィルターを適用します。プリセットオプションは以下の通りです:",
        "THRESHOLD 画像を、ピクセルが level パラメーターで定義された閾値より上か下かによって、白黒のピクセルに変換します。パラメーターは0.0(黒)から1.0(白)の間でなければなりません。level が指定されていない場合、0.5が使用されます。",
        "GRAY 画像内のすべての色をグレースケールに変換します。パラメーターは使用されません。",
        "OPAQUE アルファチャンネルを完全に不透明に設定します。パラメーターは使用されません。",
        "INVERT 各ピクセルをその反転値に設定します。パラメーターは使用されません。",
        "POSTERIZE 画像の各チャンネルを、パラメーターとして指定された色数に制限します。パラメーターは2から255の間の値に設定できますが、低い範囲で結果が最も目立ちます。",
        "BLUR レベルパラメーターでぼかしの範囲を指定したガウシアンブラーを実行します。パラメーターが使用されていない場合、ブラーは半径1のガウシアンブラーに相当します。値が大きいほど、ぼかしが増えます。",
        "ERODE 明るい領域を減少させます。パラメーターは使用されません。",
        "DILATE 明るい領域を増加させます。パラメーターは使用されません。",
        "filter() は WebGL モードでは動作しません。WebGL モードではカスタムシェーダーを使用して類似の効果を実現できます。Adam Ferriss は、フィルターの例にある多くの効果を含む <a href=\"https://github.com/aferriss/p5jsShaderExamples\" target='_blank'>シェーダーの例の選択</a> を書いています。"
    ],
    "params": {
        "filterType": "Constant: THRESHOLD, GRAY, OPAQUE, INVERT,  POSTERIZE, BLUR, ERODE, DILATE, BLUR のいずれか。",
        "filterParam": "Number: (オプション) 各フィルタに固有のオプションパラメーター。",
        "useWebGL": "Boolean: (Optional) flag to control whether to use fast  WebGL filters (GPU) or original image  filters (CPU); defaults to <code>true</code>.",
        "shaderFilter": "p5.Shader: shader that's been loaded, with the  frag shader using a <code>tex0</code> uniform."
    }
}