{
    "description": [
        "パラメーターで定義された現在のカメラの視錐台を設定します。",
        "視錐台は幾何学的な形状であり、頂点が切り取られたピラミッドです。視聴者の目が想像上のピラミッドの頂点に位置しているとき、視錐台の6つの面は3Dビューをレンダリングする際のクリッピング平面として機能します。したがって、クリッピング平面内のどんな形状も可視であり、それらの平面の外側にあるものは可視ではありません。",
        "視錐台を設定すると、レンダリングされるシーンの視点が変わります。多くの場合、これは<a href=\"https://p5js.org/reference/#/p5/perspective\">perspective()</a>を使用することでより簡単に達成できます。",
        "パラメーターが指定されていない場合、次のデフォルトが使用されます: frustum(-width/20, width/20, height/20, -height/20, eyeZ/10, eyeZ*10)、ここでeyeZは((height/2) / tan(PI/6))と等しいです。"
    ],
    "params": {
        "left": "Number: (オプション) カメラの視錐台の左面",
        "right": "Number: (オプション) カメラの視錐台の右面",
        "bottom": "Number: (オプション) カメラの視錐台の底面",
        "top": "Number: (オプション) カメラの視錐台の上面",
        "near": "Number: (オプション) カメラの視錐台の近面",
        "far": "Number: (オプション) カメラの視錐台の遠面"
    }
}