{
    "description": [
        "数値をそれに相当する16進数表記の文字列に変換します。2つ目のパラメーターが渡された場合、16進数表記で生成する文字数を設定するために使用されます。配列が渡された場合、同じ長さの16進数表記の文字列の配列が返されます。"
    ],
    "returns": "String: 値の16進数の文字列表現",
    "params": {
        "n": "Number: 解析する値",
        "digits": "Number (オプション)",
        "ns": "Number[]: 解析する値の配列"
    }
}