{
    "description": [
        "HTTP リクエストを実行するためのメソッドです。データ型が指定されていない場合、p5 は URL にもとづいて推測し、デフォルトではテキストになります。より高度な使用法として、最初の引数にパス、2番目の引数にオブジェクトを渡すこともできます。シグネチャは Fetch API 仕様にしたがっています。このメソッドは、\"GET\"が使用された場合、最大64MB のファイルを取得するのに適しています。"
    ],
    "returns": "Promise: 操作が正常に完了した場合にデータで解決されるプロミス、またはエラーが発生した後にエラーでリジェクトされるプロミス。",
    "params": {
        "path": "String: 読み込むファイル名または URL",
        "method": "String: (オプション) \"GET\"、\"POST\"、または\"PUT\"のいずれかで、デフォルトは\"GET\"",
        "datatype": "String: (オプション) \"json\"、\"jsonp\"、\"xml\"、または\"text\"",
        "data": "Object: (オプション) リクエストとともに送信されるパラメーターデータ",
        "callback": "Function: (オプション) <a href=\"#/p5/httpGet\">httpGet()</a> が完了した後に実行される関数で、データが最初の引数として渡されます。",
        "errorCallback": "Function: (オプション) エラーが発生した場合に実行される関数で、レスポンスが最初の引数として渡されます。",
        "options": "Object: リクエストオブジェクトのオプションで、\"fetch\" API の <a href=\"https://developer.mozilla.org/en/docs/Web/API/Fetch_API\">リファレンス</a> に記載されています。"
    }
}