{
    "description": [
        "HTTP GET リクエストを実行するメソッドです。データ型が指定されていない場合、p5 は URL にもとづいて推測し、テキストをデフォルトとします。これは、<code>httpDo(path, 'GET')</code> を呼び出すことと同等です。'binary'データ型は Blob オブジェクトを返し、'arrayBuffer'データ型は、タイプ付き配列（Uint8Array など）を初期化するために使用できる ArrayBuffer を返します。"
    ],
    "returns": "Promise: 操作が正常に完了した場合はデータを含む Promise、エラーが発生した場合はエラーを含む Promise を返します。",
    "params": {
        "path": "String: ロードするファイル名または URL",
        "datatype": "String: (オプション) \"json\", \"jsonp\", \"binary\", \"arrayBuffer\", \"xml\", \"text\"",
        "data": "Object|Boolean: (オプション) リクエストとともに送信されるパラメーターデータ",
        "callback": "Function: (オプション) <a href=\"#/p5/httpGet\">httpGet()</a> が完了した後に実行される関数、データは最初の引数として渡されます。",
        "errorCallback": "Function: (オプション) エラーが発生した場合に実行される関数、レスポンスは最初の引数として渡されます。"
    }
}