{
    "description": [
        "HTTP POST リクエストを実行するメソッドです。データ型が指定されていない場合、p5 は URL にもとづいて推測し、テキストをデフォルトとします。これは、<code>httpDo(path, 'POST')</code> を呼び出すことと同等です。"
    ],
    "returns": "Promise: 操作が正常に完了した場合はデータを含む Promise、エラーが発生した場合はエラーを含む Promise を返します。",
    "params": {
        "path": "String: ロードするファイル名または URL",
        "datatype": "String: (オプション) \"json\", \"jsonp\", \"xml\", \"text\"。省略された場合、<a href=\"#/p5/httpPost\">httpPost()</a> が推測します。",
        "data": "Object|Boolean: (オプション) リクエストとともに送信されるパラメーターデータ",
        "callback": "Function: (オプション) <a href=\"#/p5/httpPost\">httpPost()</a> が完了した後に実行される関数で、データが最初の引数として渡されます。",
        "errorCallback": "Function: (オプション) エラーが発生した場合に実行される関数で、レスポンスが最初の引数として渡されます。"
    }
}