{
    "description": [
        "2つの色をブレンドして、それらの間の第三の色を見つけます。 <code>amt</code> パラメーターは、2つの値の間で補間する量を指定します。0 は最初の色と等しく、0.1 は最初の色に非常に近く、0.5 は2つの色の半分で、以降、同様です。負の数は 0 に設定されます。1 より大きい数は 1 に設定されます。これは<a href=\"#/lerp\">lerp</a>の動作とは異なりますが、範囲外の数値が奇妙で予期しない色を生成しないようにするためです。",
        "色がどのように補間されるかは、現在の<a href=\"#/colorMode\">colorMode()</a>に依存します。"
    ],
    "returns": "p5.Color: 補間された色",
    "params": {
        "c1": "p5.Color: この色から補間",
        "c2": "p5.Color: この色へ補間",
        "amt": "Number: 0から1までの数値"
    }
}