{
    "description": [
        "<a href=\"#/p5/pointLight\">pointLight()</a> および <a href=\"#/p5/spotLight\">spotLight()</a> の減衰率を設定します。",
        "lightFalloff() は、コード内でそれ以降に作成されたライトにのみ影響します。",
        "<code>constant</code>、<code>linear</code>、および <code>quadratic</code> パラメーターは、次のように減衰を計算するために使用されます:",
        "d = 光の位置から頂点位置までの距離",
        "減衰 = 1 / (CONSTANT + d * LINEAR + (d * d) * QUADRATIC)"
    ],
    "params": {
        "constant": "Number: 減衰を決定する CONSTANT 値",
        "linear": "Number: 減衰を決定する LINEAR 値",
        "quadratic": "Number: 減衰を決定する QUADRATIC 値"
    }
}