{
    "description": [
        "提供された頂点シェーダーとフラグメントシェーダーファイルから新しい <a href=\"#/p5.Shader\">p5.Shader</a> オブジェクトを作成します。",
        "シェーダーファイルはバックグラウンドで非同期にロードされるため、このメソッドは <a href=\"#/p5/preload\">preload()</a> で使用する必要があります。",
        "Shaders can alter the positioning of shapes drawn with them. To ensure consistency in rendering, it's recommended to use the vertex shader in the <a href=\"#/p5/createShader\">createShader example</a>. /// add 1 line",
        "注意:シェーダーは WebGL モードでのみ使用できます。"
    ],
    "returns": "p5.Shader: 提供された頂点シェーダーとフラグメントシェーダーファイルから作成されたシェーダーオブジェクト。",
    "params": {
        "vertFilename": "String: 頂点シェーダーソースコードが含まれるファイルへのパス",
        "fragFilename": "String: フラグメントシェーダーソースコードが含まれるファイルへのパス",
        "callback": "Function: (オプション) loadShader が完了した後に実行されるコールバック。成功時には、p5.Shader オブジェクトが最初の引数として渡されます。",
        "errorCallback": "Function: (オプション) loadShader 内でエラーが発生した場合に実行されるコールバック。エラー発生時には、エラーが最初の引数として渡されます。"
    }
}