{
    "description": [
        "Loads a font and creates a <a href=\"#/p5.Font\">p5.Font</a> object. <code>loadFont()</code> can load fonts in either .otf or .ttf format. Loaded fonts can be used to style text on the canvas and in HTML elements.",
        "The first parameter, <code>path</code>, is the path to a font file. Paths to local files should be relative. For example, <code>'assets/inconsolata.otf'</code>. The Inconsolata font used in the following examples can be downloaded for free <a href=\"https://www.fontsquirrel.com/fonts/inconsolata\" target=\"_blank\">here</a>. Paths to remote files should be URLs. For example, <code>'https://example.com/inconsolata.otf'</code>. URLs may be blocked due to browser security.",
        "The second parameter, <code>successCallback</code>, is optional. If a function is passed, it will be called once the font has loaded. The callback function may use the new <a href=\"#/p5.Font\">p5.Font</a> object if needed.",
        "The third parameter, <code>failureCallback</code>, is also optional. If a function is passed, it will be called if the font fails to load. The callback function may use the error <a href=\"https://developer.mozilla.org/en-US/docs/Web/API/Event\" target=\"_blank\">Event</a> object if needed.",
        "Fonts can take time to load. Calling <code>loadFont()</code> in <a href=\"#/p5/preload\">preload()</a> ensures fonts load before they're used in <a href=\"#/p5/setup\">setup()</a> or <a href=\"#/p5/draw\">draw()</a>.",
        "///",
        "ファイルまたは URL から OpenType フォントファイル（.otf、.ttf）をロードし、<a href=\"#/p5.Font\">p5.Font</a> オブジェクトを返します。この関数は非同期であり、スケッチの次の行が実行される前に終了しない場合があります。",
        "フォントへのパスは、スケッチにリンクされた HTML ファイルに対して相対的である必要があります。URL や他のリモート場所からのフォントの読み込みは、ブラウザーの組み込みセキュリティによりブロックされることがあります。"
    ],
    "returns": "p5.Font: <a href=\"#/p5.Font\">p5.Font</a> オブジェクト",
    "params": {
        "path": "String: path of the font to be loaded. /// String:  ロードするファイルまたは URL の名前",
        "successCallback": "Function: (Optional) function called with the  <a href=\"#/p5.Font\">p5.Font</a> object after it  loads. /// 関数: (オプション) <a href=\"#/p5/loadFont\">loadFont()</a> が完了した後に実行される関数",
        "failureCallback": "Function: (Optional) function called with the error  <a href=\"https://developer.mozilla.org/en-US/docs/Web/API/Event\" target=\"_blank\">Event</a>  object if the font fails to load. /// 関数: (オプション) エラーが発生した場合に実行される関数"
    }
}