{
    "description": [
        "ファイルまたは URL から JSON ファイルをロードし、オブジェクトを返します。JSON ファイルに配列が含まれていても、インデックス番号がキーとなるオブジェクトが返されることに注意してください。",
        "このメソッドは非同期であり、スケッチの次の行が実行される前に終了しない場合があります。JSONP はポリフィルを介してサポートされており、<a href=\"https://github.com/camsong/ fetch-jsonp\">こちら</a> で指定されている構文に従った JSON コールバックの定義を含むオブジェクトを2番目の引数として渡すことができます。",
        "このメソッドは、最大64MB のファイルをフェッチするのに適しています。"
    ],
    "returns": "Object|Array: JSON データ",
    "params": {
        "path": "String: ロードするファイル名または URL",
        "jsonpOptions": "Object: (オプション) jsonp 関連設定のオプションオブジェクト",
        "datatype": "String: (オプション) \"json\"または\"jsonp\"",
        "callback": "Function: (オプション) <a href=\"#/p5/loadJSON\">loadJSON()</a> 完了後に実行される関数。データが最初の引数として渡されます。",
        "errorCallback": "Function: (オプション) エラーがあった場合に実行される関数。レスポンスが最初の引数として渡されます。"
    }
}