{
    "description": [
        "指定されたパスから新しい p5.SoundFile を返します。preload() 中に呼び出された場合、p5.SoundFile は setup() および draw() の実行前に再生準備ができます。preload() の外で呼び出された場合、p5.SoundFile はすぐに再生準備ができないため、loadSound にはコールバック関数が第二引数として渡されます。外部ファイルをロードする場合は、<a href=\"https://github.com/processing/p5.js/wiki/Local-server\">local server</a> を使用することをお勧めします。"
    ],
    "returns": "SoundFile: p5.SoundFile を返します。",
    "params": {
        "path": "String|Array: 音声ファイルへのパス、または複数の形式の音声ファイルへのパスを含む配列、例: ['sound.ogg', 'sound.mp3']。また、HTML5 File API または p5.File からのオブジェクトも受け入れます。",
        "successCallback": "Function: (オプション) ファイルの読み込みが完了したときに呼び出す関数の名前",
        "errorCallback": "Function: (オプション) ファイルの読み込み中にエラーが発生した場合に呼び出す関数の名前。",
        "whileLoading": "Function: (オプション) ファイルの読み込み中に呼び出す関数の名前。現在読み込まれているパーセンテージ（0.0〜1.0）が渡されます。"
    }
}