{
    "description": [
        "ファイルの内容を読み取り、その個々の行のString配列を作成します。上記の例のように、ファイル名がパラメーターとして使用される場合、ファイルはスケッチディレクトリ/フォルダに配置されている必要があります。",
        "あるいは、ファイルは絶対パス（UnixやLinuxでは/から始まり、Windowsではドライブ文字から始まるもの）を使用してローカルコンピュータからどこでもロードできるか、またはファイル名パラメーターはネットワーク上にあるファイルのURLにすることができます。",
        "この方法は非同期であり、スケッチの次の行が実行される前に終了しない可能性があります。",
        "この方法は、64MBまでのファイルを取得するのに適しています。"
    ],
    "returns": "String[]: 文字列の配列",
    "params": {
        "filename": "String: ロードするファイル名または URL",
        "callback": "Function: (オプション) <a href=\"#/p5/loadStrings\">loadStrings()</a> 完了後に実行される関数。配列が最初の引数として渡されます。",
        "errorCallback": "Function: (オプション) エラーがあった場合に実行される関数。レスポンスが最初の引数として渡されます。"
    }
}