{
    "description": [
        "Loads an image to create a <a href=\"#/p5.Image\">p5.Image</a> object.",
        "<code>loadImage()</code> interprets the first parameter one of three ways. If the path to an image file is provided, <code>loadImage()</code> will load it. Paths to local files should be relative, such as <code>'assets/thundercat.jpg'</code>. URLs such as <code>'https://example.com/thundercat.jpg'</code> may be blocked due to browser security. Raw image data can also be passed as a base64 encoded image in the form <code>'data:image/png;base64,arandomsequenceofcharacters'</code>.",
        "The second parameter is optional. If a function is passed, it will be called once the image has loaded. The callback function can optionally use the new <a href=\"#/p5.Image\">p5.Image</a> object.",
        "The third parameter is also optional. If a function is passed, it will be called if the image fails to load. The callback function can optionally use the event error.",
        "Images can take time to load. Calling <code>loadImage()</code> in <a href=\"#/p5/preload\">preload()</a> ensures images load before they're used in <a href=\"#/p5/setup\">setup()</a> or <a href=\"#/p5/draw\">draw()</a>.",
        "///",
        "画像をパスから読み込み、<a href=\"#/p5.Image\">p5.Image</a> を作成します。",
        "画像はレンダリングのためにすぐに利用できない場合があります。画像が準備完了してから何かを行いたい場合は、<a href=\"#/p5/loadImage\">loadImage()</a> を <a href=\"#/p5/preload\">preload()</a> の中に入れてください。また、準備ができたときに画像を処理するためのコールバック関数を提供することもできます。",
        "画像へのパスは、スケッチにリンクする HTML ファイルに対して相対的であるべきです。URL や他のリモート場所からの画像の読み込みは、ブラウザーの組み込みセキュリティによってブロックされることがあります。",
        "ファイルパスの代わりに、base64 でエンコードされた画像の文字列を渡すこともできます。文字列の前に \"data:image/png;base64,\" を追加することを忘れないでください。"
    ],
    "returns": "p5.Image: <a href=\"#/p5.Image\">p5.Image</a> オブジェクト",
    "params": {
        "path": "String: path of the image to be loaded or base64 encoded image. /// String: 読み込む画像のパス",
        "successCallback": "function(p5.Image): (Optional) function called with  <a href=\"#/p5.Image\">p5.Image</a> once it  loads. /// function(p5.Image): (オプション) 画像が読み込まれたら呼び出される関数。<a href=\"#/p5.Image\">p5.Image</a> が渡されます。",
        "failureCallback": "Function(Event): (Optional) function called with event  error if the image fails to load. /// Function(Event): (オプション) 画像の読み込みに失敗した場合、イベントエラーとともに呼び出されます。"
    }
}