{
    "description": [
        "OBJ または STL ファイルから 3D モデルを読み込みます。",
        "<a href=\"#/p5/loadModel\">loadModel()</a> は、<a href=\"#/p5/preload\">preload()</a> の中に配置する必要があります。これにより、モデルが他のコードが実行される前に完全に読み込まれます。",
        "OBJ および STL 形式の制約のひとつは、スケールの組み込み概念がないことです。これは、異なるプログラムからエクスポートされたモデルが非常に異なるサイズになる可能性があることを意味します。モデルが表示されない場合は、正規化パラメーターを true に設定して <a href=\"#/p5/loadModel\">loadModel()</a> を呼び出してみてください。これにより、モデルが p5 に適したスケールにリサイズされます。<a href=\"#/p5/scale\">scale()</a> 関数を使ってモデルの最終サイズにさらに変更を加えることもできます。",
        "また、カラー付き STL ファイルのサポートはありません。カラー付きの STL ファイルは、カラープロパティなしでレンダリングされます。"
    ],
    "returns": "p5.Geometry: <a href=\"#/p5.Geometry\">p5.Geometry</a> オブジェクト",
    "params": {
        "path": "String: 読み込むモデルのパス",
        "normalize": "Boolean: true の場合、読み込み時にモデルを標準化されたサイズにスケールします。",
        "successCallback": "function(p5.Geometry): (オプション) モデルが読み込まれた後に呼び出される関数。3D モデルオブジェクトが渡されます。",
        "failureCallback": "Function(Event): (オプション) モデルの読み込みに失敗した場合にイベントエラーとともに呼び出される関数。",
        "fileType": "String: (オプション) モデルのファイル拡張子（<code>.stl</code>, <code>.obj</code>）"
    }
}