{
    "description": [
        "Calculates the magnitude, or length, of a vector. A vector is like an arrow pointing in space. Vectors are commonly used for programming motion.",
        "Vectors don't have a \"start\" position because the same arrow can be drawn anywhere. A vector's magnitude can be thought of as the distance from the origin (0, 0) to its tip at (x, y). <code>mag(x, y)</code> is a shortcut for calling <code>dist(0, 0, x, y)</code>.",
        "///",
        "ベクトルの大きさ（または長さ）を計算します。ベクトルは、コンピューターグラフィックスや線形代数でよく使われる空間上の方向を表します。ベクトルには「開始」位置がないため、ベクトルの大きさは座標0,0からその x,y 値までの距離と考えることができます。したがって、<a href=\"#/p5/mag\">mag()</a> は、dist(0, 0, x, y) を書くためのショートカットです。"
    ],
    "returns": "Number: (0,0) から (x,y) までのベクトルの大きさ",
    "params": {
        "x": "Number: 第1の成分",
        "y": "Number: 第2の成分"
    }
}