{
    "description": [
        "この関数は、テキストに正規表現を適用し、一致するグループ(括弧内に見つかった要素)を文字列配列として返すために使用されます。一致がない場合は null 値が返されます。正規表現でグループが指定されていない場合でも、シーケンスが一致する場合は、配列の長さ1(一致したテキストが配列の最初の要素)が返されます。",
        "関数を使用するには、まず結果が null かどうかを確認します。結果が null の場合、シーケンスはまったく一致しませんでした。シーケンスが一致した場合、配列が返されます。",
        "正規表現にグループ(括弧で指定されたセット)がある場合、それぞれの内容が配列に返されます。正規表現のマッチングの要素[0]は、マッチングした文字列全体を返し、マッチンググループは要素[1]から始まります(最初のグループは[1]、次は[2]、と続きます)。"
    ],
    "returns": "String[]: 見つかった文字列の配列",
    "params": {
        "str": "String: 検索対象の文字列",
        "regexp": "String: マッチングに使用される正規表現"
    }
}