{
    "description": [
        "Returns the largest value in a sequence of numbers.",
        "The version of <code>max()</code> with one parameter interprets it as an array of numbers and returns the largest number.",
        "The version of <code>max()</code> with two or more parameters interprets them as individual numbers and returns the largest number.",
        "///",
        "一連の数値の中で最大の値を決定し、その値を返します。 <a href=\"#/p5/max\">max()</a> は、任意の数の Number パラメーター、または任意の長さの配列を受け入れます。"
    ],
    "returns": "Number: 最大の数値",
    "params": {
        "n0": "Number: 1つ目の比較する数値",
        "n1": "Number: 2つ目の比較する数値",
        "nums": "Number[]: 比較する数値配列"
    }
}