{
    "description": [
        "Returns the smallest value in a sequence of numbers.",
        "The version of <code>min()</code> with one parameter interprets it as an array of numbers and returns the smallest number.",
        "The version of <code>min()</code> with two or more parameters interprets them as individual numbers and returns the smallest number.",
        "///",
        "一連の数値の中で最小の値を決定し、その値を返します。<a href=\"#/p5/min\">min()</a> は、任意の数の Number パラメーター、または任意の長さの配列を受け入れます。"
    ],
    "returns": "Number: 最小の数値",
    "params": {
        "n0": "Number: 1つ目の比較する数値",
        "n1": "Number: 2つ目の比較する数値",
        "nums": "Number[]: 比較する数値配列"
    }
}