{
    "description": [
        "数値を文字列にフォーマットするためのユーティリティ関数。float 用のものと int 用のものの2つのバージョンがあります。",
        "digits、left、right パラメーターの値は常に正の整数である必要があります。",
        "（注意）:left と right パラメーターを使用する際には注意してください。パラメーターが現在の数値の長さよりも大きい場合、0の数が前に付加されます。",
        "たとえば、数値が123.2で、left パラメーターに4（123（整数部分）の長さよりも大きい3）が渡された場合、結果は0123.2になります。right パラメーターについても同様で、right が3の場合、結果は123.200になります。"
    ],
    "returns": "String: フォーマットされた文字列",
    "params": {
        "num": "Number|String: フォーマットする数値",
        "left": "Integer|String: (オプション) 小数点の左の桁数",
        "right": "Integer|String: (オプション) 小数点の右の桁数",
        "nums": "Array: フォーマットする数値"
    }
}