{
    "description": [
        "数値を文字列にフォーマットし、1000の単位を示す適切なカンマを配置するユーティリティ関数。整数用のバージョンと整数の配列用のバージョンの2つがあります。right パラメーターの値は常に正の整数である必要があります。"
    ],
    "returns": "String: フォーマットされた文字列",
    "params": {
        "num": "Number|String: フォーマットする数値",
        "right": "Integer|String: (オプション) 小数点の右の桁数",
        "nums": "Array: フォーマットする数値"
    }
}