{
    "description": [
        "数値を文字列にフォーマットするユーティリティ関数。<a href=\"#/p5/nf\">nf()</a> と似ていますが、正の数の前に「+」を付け、負の数の前に「-」を付けます。float 用のバージョンと int 用のバージョンの2つがあります。left と right パラメーターの値は常に正の整数である必要があります。"
    ],
    "returns": "String: フォーマットされた文字列",
    "params": {
        "num": "Number: フォーマットする数値",
        "left": "Integer: (オプション) 小数点の左の桁数",
        "right": "Integer: (オプション) 小数点の右の桁数",
        "nums": "Number[]: フォーマットする数値"
    }
}