{
    "description": [
        "Maps a number from one range to a value between 0 and 1.",
        "For example, <code>norm(2, 0, 10)</code> returns 0.2. 2's position in the original range [0, 10] is proportional to 0.2's position in the range [0, 1]. This is equivalent to calling <code>map(2, 0, 10, 0, 1)</code>.",
        "Numbers outside of the original range are not constrained between 0 and 1. Out-of-range values are often intentional and useful.",
        "///",
        "別の範囲の数値を0から1の範囲に正規化します。map(value, low, high, 0, 1)と同一です。範囲外の数値は、範囲外の値が意図的で有用であることがよくあるため、0および1にクランプされません。(例を参照してください。)"
    ],
    "returns": "Number: 正規化された数値",
    "params": {
        "value": "Number: 正規化されるべき入力値",
        "start": "Number: 値の現在の範囲の下限",
        "stop": "Number: 値の現在の範囲の上限"
    }
}