{}    "description": [
        "以降で <a href=\"#/p5/vertex\">vertex()</a> で描画される頂点に使用する 3D 頂点法線を設定します。法線は、一般的に形状の表面にほぼ垂直なベクトルであり、その表面の部分からどれだけの光が反射されるかを制御します。"
    ],
    "params": {
        "vector": "Vector: 頂点法線を表す p5.Vector。",
        "x": "Number: 頂点法線の x 成分。",
        "y": "Number: 頂点法線の y 成分。",
        "z": "Number: 頂点法線の z 成分。"
    }
}