{
    "description": [
        "指定された色と位置で点光源を作成します。",
        "点光源は、単一の点からすべての方向に光を放射します。光は特定の点（位置）から放射されるため、オブジェクトに対して遠くまたは近くに配置すると効果が異なります。",
        "一度にアクティブにできる点光源は <strong>5</strong> つまでです。",
        "注: ループプログラム内でライトを持続させるためには、draw() 内でライトを呼び出す必要があります（直接または間接的に）。setup() に配置すると、ループの最初の通過でのみ効果があります。"
    ],
    "params": {
        "v1": "Number: 現在のカラーレンジに対する赤または色相の値",
        "v2": "Number: 現在のカラーレンジに対する緑または彩度の値",
        "v3": "Number: 現在のカラーレンジに対する青または明度の値",
        "x": "Number: 位置の x 成分",
        "y": "Number: 位置の y 成分",
        "z": "Number: 位置の z 成分",
        "position": "p5.Vector: <a href=\"#/p5.Vector\">p5.Vector</a> としての光の位置",
        "color": "p5.Color|Number[]|String: <a href=\"#/p5.Color\">p5.Color</a>、配列、または CSS 文字列としての色"
    }
}