{
    "description": [
        "Calculates exponential expressions such as 2^3.",
        "For example, <code>pow(2, 3)</code> is equivalent to the expression 2 × 2 × 2. <code>pow(2, -3)</code> is equivalent to 1 ÷ (2 × 2 × 2).",
        "///",
        "指数表現を容易にします。<a href=\"#/p5/pow\">pow()</a> 関数は、数値を自分自身（またはその逆数）と大量にかける効率的な方法です。たとえば、pow(3, 5)は式 3 × 3 × 3 × 3 × 3 と等価であり、pow(3, -5)は 1 / 3 × 3 × 3 × 3 × 3 と等価です。Math.pow() にマップされます。"
    ],
    "returns": "Number: n^e",
    "params": {
        "n": "Number: 指数表現の底",
        "e": "Number: 底を上げるべき指数"
    }
}