{
    "description": [
        "quadraticVertex() は、二次ベジェ曲線の頂点座標を指定します。quadraticVertex() の各呼び出しで、ベジェ曲線のひとつのコントロールポイントとひとつのアンカーポイントの位置が定義され、線や図形に新しいセグメントが追加されます。<a href=\"#/p5/beginShape\">beginShape()</a> 内の呼び出しで初めて quadraticVertex() を使用する際は、最初のアンカーポイントを設定するために <a href=\"#/p5/vertex\">vertex()</a> 呼び出しを先頭に置く必要があります。WebGL モードでは、quadraticVertex() は 2D モードと 3D モードの両方で使用できます。2D モードでは4つのパラメーターが必要ですが、3D モードでは6つのパラメーター（z 座標を含む）が必要です。",
        "この関数は <a href=\"#/p5/beginShape\">beginShape()</a> と <a href=\"#/p5/endShape\">endShape()</a> の間でのみ使用できますが、<a href=\"#/p5/beginShape\">beginShape()</a> に MODE または POINTS パラメーターが指定されている場合は使用できません。"
    ],
    "params": {
        "cx": "Number: コントロールポイントの x 座標",
        "cy": "Number: コントロールポイントの y 座標",
        "x3": "Number: アンカーポイントの x 座標",
        "y3": "Number: アンカーポイントの y 座標",
        "cz": "Number: コントロールポイントの z 座標（WebGL モード用）",
        "z3": "Number: アンカーポイントの z 座標（WebGL モード用）"
    }
}