{
    "description": [
        "Returns a random number or a random element from an array.",
        "<code>random()</code> follows uniform distribution, which means that all outcomes are equally likely. When <code>random()</code> is used to generate numbers, all numbers in the output range are equally likely to be returned. When <code>random()</code> is used to select elements from an array, all elements are equally likely to be chosen.",
        "By default, <code>random()</code> produces different results each time a sketch runs. The <a href=\"#/p5/randomSeed\">randomSeed()</a> function can be used to generate the same sequence of numbers or choices each time a sketch runs.",
        "The version of <code>random()</code> with no parameters returns a random number from 0 up to but not including 1.",
        "The version of <code>random()</code> with one parameter works one of two ways. If the argument passed is a number, <code>random()</code> returns a random number from 0 up to but not including the number. For example, calling <code>random(5)</code> returns values between 0 and 5. If the argument passed is an array, <code>random()</code> returns a random element from that array. For example, calling <code>random(['🦁', '🐯', '🐻'])</code> returns either a lion, tiger, or bear emoji.",
        "The version of <code>random()</code> with two parameters returns a random number from a given range. The arguments passed set the range's lower and upper bounds. For example, calling <code>random(-5, 10.2)</code> returns values from -5 up to but not including 10.2.",
        "///",
        "ランダムな浮動小数点数を返します。",
        "引数は、未指定、または、ひとつ、または、2つを与えることができます。",
        "引数が未指定の場合、0から1未満のランダムな数を返します。",
        "引数がひとつで、それが数値の場合、0からその数未満のランダムな数を返します。",
        "引数がひとつで、それが配列の場合、その配列からランダムな要素を返します。",
        "引数が2つ与えられた場合、第1引数から第2引数未満までのランダムな数を返します。"
    ],
    "returns": "Number: ランダムな数",
    "params": {
        "min": "Number: (オプション) 下限 (返却値は、この数が含まれることがあります)",
        "max": "Number: (オプション) 上限 (返却値は、この数未満になります)",
        "choices": "Array: 選択肢となる配列"
    }
}