{
    "description": [
        "Calculates the integer closest to the <code>n</code> parameter. For example, <code>round(133.8)</code> returns the value 134.",
        "///",
        "n パラメーターに最も近い整数を計算します。たとえば、round(133.8)は値134を返します。Math.round() にマップされます。"
    ],
    "returns": "Integer: 四捨五入された数値",
    "params": {
        "n": "Number: 四捨五入する数値",
        "decimals": "Number: (オプション) 四捨五入する小数点以下の桁数。デフォルトは0"
    }
}