{
    "description": [
        "指定された要素（画像、テキスト、json、csv、wav、html）をクライアントのコンピューターに保存します。最初のパラメーターは、保存したい要素へのポインターが指定できます。要素は、<a href=\"#/p5.Element\">p5.Element</a>、文字列の配列、JSON の配列、JSON オブジェクト、<a href=\"#/p5.Table\">p5.Table </a>、<a href=\"#/p5.Image\">p5.Image</a>、または p5.SoundFile（p5.sound が必要）のいずれかです。2番目のパラメーターはファイル名（拡張子を含む）。3番目のパラメーターは、このタイプのオブジェクトに特有のオプションです。このメソッドは、指定されたパラメーターに適合するファイルを保存します。要素を指定せずに呼び出された場合、デフォルトでは画像ファイルとしてキャンバス全体が保存されます。そのような場合、最初のパラメーターとしてファイル名をオプションで指定できます。 <strong>draw 内でこのメソッドを呼び出すことはお勧めしません。なぜなら、レンダリングごとに新しい保存ダイアログが開くためです。</strong>"
    ],
    "params": {
        "objectOrFilename": "Object|String: (オプション) ファイル名が指定された場合、ファイル名に応じて png または jpg 拡張子の画像としてキャンバスを保存します。オブジェクトが指定された場合、オブジェクトとファイル名に応じて保存されます（上記の例を参照）。",
        "filename": "String: (オプション) オブジェクトが最初のパラメーターとして提供された場合、2番目のパラメーターはファイル名を示し、適切なファイル拡張子を含める必要があります（上記の例を参照）。",
        "options": "Boolean|String: (オプション) 追加のオプションはファイルタイプに依存します。たとえば、JSON を保存する場合、<code>true</code> は出力がファイルサイズに最適化され、読みやすさではなくなります。"
    }
}