{
    "description": [
        "<a href=\"#/p5.Table\">Table</a> オブジェクトの内容をファイルに書き込みます。デフォルトでは、カンマ区切りの値（'csv'）を含むテキストファイルですが、タブ区切り（'tsv'）を使用することもできますし、HTML テーブル（'html'）を生成することもできます。ファイルの保存プロセスと保存されたファイルの場所は、ウェブブラウザー間で異なります。"
    ],
    "params": {
        "Table": "p5.Table: ファイルに保存する <a href=\"#/p5.Table\">Table</a> オブジェクト",
        "filename": "String: Table が保存されるべきファイル名",
        "options": "String: (オプション) \"tsv\"、\"csv\"、\"html\"のいずれか"
    }
}