{
    "description": [
        "Captures a sequence of frames from the canvas that can be used to create a movie. Frames are downloaded as individual image files by default.",
        "The first parameter, <code>filename</code>, sets the prefix for the file names. For example, setting the prefix to <code>'frame'</code> would generate the image files <code>frame0.png</code>, <code>frame1.png</code>, and so on. The second parameter, <code>extension</code>, sets the file type to either <code>'png'</code> or <code>'jpg'</code>.",
        "The third parameter, <code>duration</code>, sets the duration to record in seconds. The maximum duration is 15 seconds. The fourth parameter, <code>framerate</code>, sets the number of frames to record per second. The maximum frame rate value is 22. Limits are placed on <code>duration</code> and <code>framerate</code> to avoid using too much memory. Recording large canvases can easily crash sketches or even web browsers.",
        "The fifth parameter, <code>callback</code>, is optional. If a function is passed, image files won't be saved by default. The callback function can be used to process an array containing the data for each captured frame. The array of image data contains a sequence of objects with three properties for each frame: <code>imageData</code>, <code>filename</code>, and <code>extension</code>.",
        "///",
        "映画を作成するために使用できるフレームのシーケンスをキャプチャします。コールバックを受け入れます。たとえば、フレームをサーバーに送信して保存したり、映画に変換したりする場合があります。コールバックが提供されない場合、ブラウザーは作成されたばかりのすべての画像をダウンロードしようとする保存ダイアログをポップアップします。コールバックが提供された場合、画像データはデフォルトでは保存されず、代わりにコールバック関数の引数としてオブジェクトの配列として渡されます。配列のサイズは、フレームの合計数に等しくなります。",
        "引数 <code>duration</code> と <code>framerate</code> は、それぞれ15以下、および22以下に制約されています。これは、1秒あたり22フレームで最大15秒分のフレームをダウンロードできることを意味し、フレームの合計数は330になります。これは、十分な大きさのキャンバスが簡単にコンピューターのメモリーを埋め尽くし、プログラムやブラウザーをクラッシュさせる可能性があるため、メモリーの問題を避けるために行われています。",
        "より長いアニメーションをエクスポートするには、<a href=\"https://github.com/spite/ccapture.js/\">ccapture.js</a> のようなライブラリを検討してみてください。"
    ],
    "params": {
        "filename": "String: prefix of file name. /// String",
        "extension": "String: file extension, either 'jpg' or 'png'. /// String: 'jpg'または'png'",
        "duration": "Number: duration in seconds to record. This parameter will be constrained to be less or equal to 15. /// Number: フレームを保存するための秒単位の期間。このパラメーターは15以下に制約されます。",
        "framerate": "Number: number of frames to save per second. This parameter will be constrained to be less or equal to 22. /// Number: フレームを保存するフレームレート。このパラメーターは22以下に制約されます。",
        "callback": "Function(Array): (Optional) callback function that will be executed  to handle the image data. This function  should accept an array as argument. The  array will contain the specified number of  frames of objects. Each object has three  properties: <code>imageData</code>, <code>filename</code>, and <code>extension</code>. /// Function(Array): (オプション) 画像データを処理するために実行されるコールバック関数。この関数は引数として配列を受け入れる必要があります。配列には、指定された数のフレームオブジェクトが含まれます。各オブジェクトには3つのプロパティがあります:imageData - image/octet-stream、filename、および extension。"
    }
}