{
    "description": [
        "Saves the current canvas as an image. The browser will either save the file immediately or prompt the user with a dialogue window.",
        "///",
        "現在のキャンバスを画像として保存します。ブラウザーは、ファイルをすぐに保存するか、ダイアログウィンドウでユーザーにプロンプトを表示します。"
    ],
    "params": {
        "selectedCanvas": "p5.Framebuffer|p5.Element|HTMLCanvasElement: reference to a  specific HTML5 canvas element. /// p5.Element|HTMLCanvasElement: 特定の html5 キャンバスを表す変数 (オプション) ",
        "filename": "String: (Optional) file name. Defaults to 'untitled'.  /// String (オプション) ",
        "extension": "String: (Optional) file extension, either 'jpg' or 'png'. Defaults to 'png'. /// String: (オプション) 'jpg'または'png'"
    }
}