{
    "description": [
        "配列または JSON オブジェクトの内容を.json ファイルに書き込みます。ファイルの保存プロセスと保存されたファイルの場所は、ウェブブラウザー間で異なります。"
    ],
    "params": {
        "json": "Array|Object",
        "filename": "String",
        "optimize": "Boolean: (オプション) true の場合、ファイルサイズを最適化するために、出力ファイルから改行とスペースを削除します (読みやすさは向上しません)。"
    }
}