{
    "description": [
        "文字列の配列をテキストファイルに書き込みます。ひとつの文字列ごとに1行。ファイルの保存プロセスと保存されたファイルの場所は、ウェブブラウザー間で異なります。"
    ],
    "params": {
        "list": "String[]: 書き込むための文字列配列",
        "filename": "String: 出力用のファイル名",
        "extension": "String: (オプション) ファイル名の拡張子",
        "isCRLF": "Boolean: (オプション) true の場合、改行を CRLF に変更"
    }
}