{
    "description": [
        "図形のサイズを拡大または縮小して、頂点を拡大または縮小します。オブジェクトは常に座標系に対する相対原点からスケーリングします。スケール値は10進数のパーセンテージで指定されます。たとえば、関数呼び出し scale(2.0)は、図形の寸法を200%増加させます。",
        "変換は、それ以降に発生するすべてのことに適用され、関数への後続の呼び出しは効果を乗算します。たとえば、scale(2.0)を呼び出してから scale(1.5)を呼び出すことは、scale(3.0)と同じです。 <a href=\"#/p5/scale\">scale()</a> が <a href=\"#/p5/draw\">draw()</a> 内で呼び出される場合、ループが再開すると変換がリセットされます。",
        "この関数は、z パラメーターを使用して WebGL モードでのみ利用できます。この関数は、<a href=\"#/p5/push\">push()</a> および <a href=\"#/p5/pop\">pop()</a> でさらに制御できます。"
    ],
    "params": {
        "s": "Number|p5.Vector|Number[]: オブジェクトのスケール率、または複数の引数が与えられた場合は x 軸でのオブジェクトのスケール率",
        "y": "Number: (オプション) y 軸でのオブジェクトのスケール率",
        "z": "Number: (オプション) z 軸でのオブジェクトのスケール率（webgl のみ）",
        "scales": "p5.Vector|Number[]: オブジェクトをスケーリングするための各軸のパーセント"
    }
}