{
    "description": [
        "Searches the page for all elements that matches the given <a href=\"https://developer.mozilla.org/en-US/docs/Learn/Getting_started_with_the_web/CSS_basics#different_types_of_selectors\" target=\"_blank\">CSS selector string</a>. The string can be an ID, class, tag name, or a combination. <code>selectAll()</code> returns an array of <a href=\"#/p5.Element\">p5.Element</a> objects if it finds any matches and an empty array otherwise.",
        "The second parameter, <code>container</code>, is optional. It specifies a container to search within. container can be CSS selector string, a <a href=\"#/p5.Element\">p5.Element</a> object, or an <a href=\"https://developer.mozilla.org/en-US/docs/Web/API/HTMLElement\" target=\"_blank\">HTMLElement</a> object.",
        "///",
        "与えられた CSS セレクタ文字列（ID、クラス、タグ名、またはそれらの組み合わせ）と一致するページ上の要素を検索し、それらを配列内の <a href=\"#/p5.Element\">p5.Element</a> として返します。DOM ノード自体は.elt でアクセスできます。見つからない場合は空の配列を返します。検索範囲としてコンテナを指定することもできます。"
    ],
    "returns": "p5.Element[]: array of <a href=\"#/p5.Element\">p5.Element</a>s containing any elements found. /// p5.Element[]: 見つかったノードを含む <a href=\"#/p5.Element\">p5.Element</a> の配列",
    "params": {
        "selectors": "String: CSS selector string of element to search for. /// String: 検索対象の要素の CSS セレクタ文字列",
        "container": "String|p5.Element|HTMLElement: (Optional) CSS selector string, <a href=\"#/p5.Element\">p5.Element</a>, or  <a href=\"https://developer.mozilla.org/en-US/docs/Web/API/HTMLElement\" target=\"_blank\">HTMLElement</a> to search within. /// String|p5.Element|HTMLElement: (オプション) CSS セレクタ文字列、<a href=\"#/p5.Element\">p5.Element</a> 、または検索対象の HTML 要素"
    }
}