{
    "description": [
        "WebGL Drawing context の属性を設定します。これは、WebGL レンダラーの表示とパフォーマンスを調整する方法です。",
        "注意: WebGL キャンバスが作成された後に呼び出されると、描画コンテキストが再初期化されます。",
        "パラメーターとしてオブジェクトが渡された場合、オブジェクトで宣言されていない属性はすべてデフォルト値に設定されます。",
        "利用可能な属性は以下の通りです: alpha - キャンバスにアルファバッファが含まれているかどうかを示します。デフォルトは true です。",
        "depth - 描画バッファに少なくとも16ビットの深度バッファがあるかどうかを示します。デフォルトは true です。",
        "stencil - 描画バッファに少なくとも8ビットのステンシルバッファがあるかどうかを示します。",
        "antialias - アンチエイリアシングを実行するかどうかを示します。デフォルトは false（Safari では true）です。",
        "premultipliedAlpha - ページコンポジターが、描画バッファにプレ乗算アルファの色が含まれていると仮定することを示します。デフォルトは true です。",
        "preserveDrawingBuffer - true の場合、バッファはクリアされず、著者によってクリアまたは上書きされるまで値が保持されます（p5 は自動的に draw ループでクリアします）。デフォルトは true です。",
        "perPixelLighting - true の場合、ライティングシェーダーでピクセルごとのライティングが使用され、そうでない場合は頂点ごとのライティングが使用されます。デフォルトは true です。",
        "version - 1か2を指定して、どの WebGL バージョンをリクエストするかを指定します。デフォルトでは、 WebGL 2 がリクエストされます。 WebGL2 が利用できない場合、 WebGL 1 にフォールバックします。どのバージョンが使用されているかは、グローバルな<code>webglVersion</code>プロパティを見ることで確認できます。"
    ],
    "params": {
        "key": "String: 属性名",
        "value": "Boolean: 属性の新しい値",
        "obj": "Object: キーと値のペアをもつオブジェクト"
    }
}