{
    "description": [
        "指定された半径の球を描画します。",
        "DetailX および detailY は、球の x 次元および y 次元の細分割数を決定します。細分割が多いほど、球は滑らかに見えます。推奨される最大値は24です。24より大きい値を使用すると、警告が表示されるか、ブラウザーが遅くなる可能性があります。"
    ],
    "params": {
        "radius": "Number: (オプション) 円の半径",
        "detailX": "Integer: (オプション) x 次元の細分割数",
        "detailY": "Integer: (オプション) y 次元の細分割数"
    }
}