{
    "description": [
        "既存の配列に値または値の配列を挿入します。第一パラメーターは変更される初期配列を指定し、第二パラメーターは挿入されるデータを定義します。第三パラメーターは、データを挿入する配列の位置を指定するインデックス値です。（配列のインデックス番号は0から始まることを覚えておいてください。つまり、最初の位置は0、2番目の位置は1、という具合です。）"
    ],
    "returns": "Array: リスト",
    "params": {
        "list": "Array: スプライスする配列",
        "value": "Any: スプライスされる値",
        "position": "Integer: データを挿入する配列内の位置"
    }
}