{
    "description": [
        "<a href=\"#/p5/splitTokens\">splitTokens()</a> 関数は、ひとつまたは複数の文字区切り（トークン）で文字列を分割します。delim パラメーターは、境界として使用される文字または文字列を指定します。",
        "delim 文字が指定されていない場合、任意の空白文字が分割に使用されます。空白文字には、タブ（\t）、改行（\n）、キャリッジリターン（\r）、フォームフィード（\f）、およびスペースが含まれます。"
    ],
    "returns": "String[]: 文字列の配列",
    "params": {
        "value": "String: 分割される文字列",
        "delim": "String: (オプション) セパレータとして使用される個々の文字列のリスト"
    }
}