{
    "description": [
        "<a href=\"#/p5/split\">split()</a> 関数は、String.split() にマップされ、区切り文字または文字列を使用してテキストを分割します。delim パラメーターは、各部分の境界を示す文字または文字列を指定します。分割された各部分を含む String[]配列が返されます。",
        "<a href=\"#/p5/splitTokens\">splitTokens()</a> 関数も同様に機能しますが、特定の文字やシーケンスではなく、複数の文字を使って分割します。"
    ],
    "returns": "String[]: 文字列の配列",
    "params": {
        "value": "String: 分割される文字列",
        "delim": "String: データを分割するために使用される文字列"
    }
}