{}    "description": [
        "キャンバスに四角形を描きます。四角形は、角度がすべて90度で、辺の長さが等しい四辺形です。デフォルトでは、最初の2つのパラメーターは四角形の左上の位置を設定します。3番目のパラメーターはその辺の大きさを設定します。これらのパラメーターの解釈方法は、<a href=\"#/p5/rectMode\">rectMode()</a> 関数を使用して変更できます。",
        "4つのパラメーターをもつ <code>square()</code> のバージョンでは、丸みを帯びた四角形が作成されます。4番目のパラメーターはすべての角の半径値として使用されます。",
        "7つのパラメーターをもつ <code>square()</code> のバージョンでも、丸みを帯びた四角形が作成されます。7つのパラメーターを使うと、後ろの4つは各角の弧の半径を別々に設定します。半径は左上の角から始まり、四角形を時計回りに移動します。これらのパラメーターが省略された場合、最後に指定した角の半径の値に設定されます。"
    ],
    "params": {
        "x": "Number: 正方形の x 座標",
        "y": "Number: 正方形の y 座標",
        "s": "Number: 正方形の辺の長さ",
        "tl": "Number: (オプション) 左上の角の半径",
        "tr": "Number: (オプション) 右上の角の半径",
        "br": "Number: (オプション) 右下の角の半径",
        "bl": "Number: (オプション) 左下の角の半径"
    }
}