{
    "description": [
        "既存の配列から要素の配列を抽出します。list パラメーターは、要素がコピーされる配列を定義し、start と count パラメーターは抽出する要素を指定します。count が指定されていない場合、配列の最初から最後までの要素が抽出されます。start を指定するときは、最初の配列要素が0であることを覚えておいてください。この関数はソース配列を変更しません。"
    ],
    "returns": "Array: 抽出された要素の配列",
    "params": {
        "list": "Array: 抽出元の配列",
        "start": "Integer: 開始位置",
        "count": "Integer: (オプション) 抽出する値の数"
    }
}