{
    "description": [
        "Sets the font used by the <a href=\"#/p5/text\">text()</a> function.",
        "The first parameter, <code>font</code>, sets the font. <code>textFont()</code> recognizes either a <a href=\"#/p5.Font\">p5.Font</a> object or a string with the name of a system font. For example, <code>'Courier New'</code>.",
        "The second parameter, <code>size</code>, is optional. It sets the font size in pixels. This has the same effect as calling <a href=\"#/p5/textSize\">textSize()</a>.",
        "Note: <code>WEBGL</code> mode only supports fonts loaded with <a href=\"#/p5/loadFont\">loadFont()</a>.",
        "///",
        "<a href=\"#/p5/text\">text()</a> 関数で描画される現在のフォントを設定します。textFont() が引数なしで呼び出されると、すでに設定されているフォントがあれば現在のフォントを返します。そうでなければ、デフォルトフォントの名前を文字列として返します。textFont() が使用するフォントで呼び出されると、p5 オブジェクトを返します。",
        "<b>WebGL</b>: <a href=\"#/p5/loadFont\">loadFont()</a> で読み込まれたフォントのみがサポートされています。"
    ],
    "returns": "Object: 現在のフォント または p5 オブジェクト",
    "params": {
        "font": "Object|String: font as a <a href=\"#/p5.Font\">p5.Font</a> object or a string. /// Object|String: <a href=\"#/p5/loadFont\">loadFont()</a> で読み込まれたフォント、または <a href=\"https://mzl.la/2dOw8WD\">ウェブセーフフォント</a>（一般的にすべてのシステムで利用可能なフォント）を表す文字列",
        "size": "Number: (Optional) font size in pixels. /// Number:  (オプション) 使用するフォントサイズ"
    }
}