{
    "description": [
        "指定された半径とチューブ半径のトーラスを描画します。",
        "detailX および detailY は、トーラスの x 次元および y 次元の細分割数を決定します。細分割が多いほど、トーラスは滑らかに見えます。detailX および detailY のデフォルト値および最大値はそれぞれ24および16です。それらを比較的小さな値に設定することで、トーラス以外の新しい形状を作成できます。"
    ],
    "params": {
        "radius": "Number: (オプション) リング全体の半径",
        "tubeRadius": "Number: (オプション) チューブの半径",
        "detailX": "Integer: (オプション) x 次元のセグメント数, セグメントが多いほど、ジオメトリが滑らかになります。デフォルトは24",
        "detailY": "Integer: (オプション) y 次元のセグメント数, セグメントが多いほど、ジオメトリが滑らかになります。デフォルトは16"
    }
}