{
    "description": [
        "キャンバスに三角形を描きます。三角形は3辺の多角形です。最初の2つのパラメーターは三角形の第一点<code>(x1,y1)</code>を指定します。中間の2つのパラメーターはその第二点<code>(x2,y2)</code>を指定します。そして、最後の2つのパラメーターはその第三点<code>(x3, y3)</code>を指定します。"
    ],
    "params": {
        "x1": "Number: 最初の点の x 座標",
        "y1": "Number: 最初の点の y 座標",
        "x2": "Number: 2番目の点の x 座標",
        "y2": "Number: 2番目の点の y 座標",
        "x3": "Number: 3番目の点の x 座標",
        "y3": "Number: 3番目の点の y 座標"
    }
}