{
    "description": [
        "すべての図形は、一連の頂点を接続することで構築されます。<a href=\"#/p5/vertex\">vertex()</a> は、点、線、三角形、四角形、ポリゴンの頂点座標を指定するために使用されます。これは、<a href=\"#/p5/beginShape\">beginShape()</a> および <a href=\"#/p5/endShape\">endShape()</a> 関数内でのみ使用されます。"
    ],
    "params": {
        "x": "Number: 頂点の x 座標",
        "y": "Number: 頂点の y 座標",
        "z": "Number: (オプション) 頂点の z 座標。指定されていない場合はデフォルトで0になります。",
        "u": "Number: (オプション) 頂点のテクスチャ u 座標",
        "v": "Number: (オプション) 頂点のテクスチャ v 座標"
    }
}