{
    "description": [
        "play() メソッドは、MonoSynth に指定した音符を演奏するよう指示します。このメソッドは、.triggerAttack と.triggerRelease の呼び出しをスケジュールします。"
    ],
    "params": {
        "note": "String | Number: 演奏する音符を指定します。周波数をヘルツ数で指定する場合は数値、または Note/Octave 形式で MIDI 値を指定する場合は(\"C4\", \"Eb3\"...など)。デフォルト値は440 Hz です。",
        "velocity": "Number: (オプション) 演奏する音符のベロシティ (0～1 の範囲)",
        "secondsFromNow": "Number: (オプション) 何秒後に演奏を開始するかを指定します。",
        "sustainTime": "Number: (オプション) エンベロープのリリースをトリガーする前に継続する時間を指定します。デフォルト値は0.15秒です。"
    }
}