{
    "description": [
        "setADSR() メソッドは、<a href=\"https://en.wikipedia.org/wiki/Synthesizer#/media/File:ADSR_parameter.svg\"> ADSR エンベロープ </a> のような値を設定します。"
    ],
    "params": {
        "attackTime": "Number: エンベロープがアタックレベルに到達するまでの時間（単位は秒）",
        "decayTime": "Number: (オプション) エンベロープがディケイ/サステインレベルに到達するまでの時間（単位は秒）",
        "susRatio": "Number: (オプション) アタックレベルとリリースレベルの比率を、0から1までのスケールで指定します。1.0=アタックレベル、0.0=リリースレベルです。susRatio はディケイレベルと、エンベロープのサステイン部分が継続するレベルを決定します。たとえば、attackLevel が0.4で、releaseLevel が0で、susRatio が0.5の場合、decayLevel は0.2になります。attackLevel を setRange を使用して1.0に増やすと、decayLevel は比例して増加し、0.5になります。",
        "releaseTime": "Number: (オプション) 指定された秒数後にリリースする時間 (デフォルト値は0秒)"
    }
}