{
    "description": [
        "triggerAttack() メソッドは、エンベロープの Attack と Decay 部分をトリガーします。ピアノのキーを押し続けるのに似ていますが、リリースするまでサステインレベルを保持します。"
    ],
    "params": {
        "note": "String | Number: 演奏する音符を指定します。周波数をヘルツ数で指定する場合は数値、または Note/Octave 形式で MIDI 値を指定する場合は(\"C4\", \"Eb3\"...など)。デフォルト値は440 Hz です。",
        "velocity": "Number: (オプション) 演奏する音符のベロシティ (0～1 の範囲)",
        "secondsFromNow": "Number: (オプション) 何秒後に演奏を開始するかを指定します。"
    }
}