{
    "description": [
        "設定した遅延パラメーターに応じてオーディオ信号に遅延を追加します。"
    ],
    "params": {
        "Signal": "Object: オーディオを出力するオブジェクト",
        "delayTime": "Number: (オプション) 遅延/エコーの時間（秒）。一部のブラウザーは delayTime を1秒に制限しています。",
        "feedback": "Number: (オプション) ループ内で遅延を自己に送信し、各繰り返しでボリュームが低下します。",
        "lowPass": "Number: (オプション) カットオフ周波数。lowPass 以下の周波数のみが遅延の一部になります。"
    }
}